el,ol,cpx,opx,gt,sp,fsp
Na,0.00001,0.2,0.05,0.04,,0.39
K,0.00018,0.002,0.001,0.001,0.0001,0.18
Ti,0.02,0.18,0.1,0.28,0.15,0.04
Sr,0.00019,0.1283,0.007,0.0001,,2
La,0.0004,0.054,0.002,0.01,0.01,0.27
Ce,0.0005,0.098,0.003,0.021,0.01,0.2
Nd,0.001,0.21,0.0068,0.087,0.01,0.14
Yb,0.0015,0.28,0.049,4.03,0.01,0.031
Pb,0.0001,0.01,0.0013,0.00001,,0.36